{
  "r2": 0.830598781081542,
  "mae": 0.9368132941835474,
  "rmse": 1.2693832180181381,
  "rms": 1.2693832180181381
}